INSERT INTO customer(CustomerName, CustomerAddress)
VALUES("Bjudkakor AB", "Ystad"),
    ("Finkakor AB", "Helsingborg"),
    ("Gästkakor AB",  "Hässleholm"),
     ("Kaffebröd AB", "Landskrona"),
    ("Kalaskakor AB","Trelleborg"),
    ("Partykakor AB","Kristianstad"),
     ("Skånekakor AB","Perstorp"),
    ("Småbröd AB",  "Malmö");

INSERT INTO Storage(IngredientName, StockAmount, Unit, AmountDelivered, TimeDelivered)
VALUES("Bread crumbs", 500000,  "g", null, null),
("Butter", 500000,  "g", null, null),
("Chocolate", 500000,"g", null, null),
("Chopped almonds", 500000,"g", null, null),
("Cinnamon", 500000, "g", null, null),
("Egg whites", 500000, "ml", null, null),
("Eggs", 500000, "g", null, null),
("Fine-ground nuts", 500000, "g", null, null),
("Flour", 500000,  "g", null, null),
("Ground, roasted nuts", 500000,"g", null, null),
("Icing sugar", 500000, "g", null, null),
("Marzipan", 500000, "g", null, null),
("Potato starch", 500000, "g", null, null),
("Roasted, chopped nuts", 500000, "g", null, null),
("Sodium bicarbonate", 500000, "g", null, null),
("Sugar",  500000, "g", null, null),
("Vanilla", 500000, "g", null, null),
("Vanilla sugar",  500000, "g", null, null),
("Wheat flour", 500000, "g", null, null);

INSERT INTO Cookies(CookieName)
VALUES("Almond delight"),
("Amneris"),
("Berliner"),
("Nut cookie"),
("Nut ring"),
("Tango");

INSERT INTO Recipe(CookieName, IngredientName, Amount)
VALUES("Nut ring", "Flour", 450),
("Nut ring", "Butter", 450),
("Nut ring", "Icing sugar", 190),
("Nut ring", "Roasted, chopped nuts",225),
("Nut cookie", "Fine-ground nuts",750),
("Nut cookie", "Ground, roasted nuts",625),
("Nut cookie", "bread crumbs",125),
("Nut cookie", "Egg whites",3.5),
("Nut cookie", "Chocolate",50),
("Amneris", "Butter",250),
("Amneris", "Marzipan",750),
("Amneris", "Eggs",250),
("Amneris", "Potato starch",  25),
("Amneris", "Wheat flour",  25),
("Tango", "Butter",200),
("Tango", "Sugar",250),
("Tango", "Flour",300),
("Tango", "Sodium bicarbonate",4),
("Tango", "Vanilla",2),
("Almond delight", "Butter",400),
("Almond delight", "Sugar",270),
("Almond delight", "Chopped almonds",279),
("Almond delight", "Flour",400),
("Almond delight", "Cinnamon",10),
("Berliner", "Flour",350),
("Berliner", "Butter",250),
("Berliner", "Icing sugar",100),
("Berliner", "Eggs",50),
("Berliner", "Vanilla sugar",5),
("Berliner", "Chocolate",50);